{"cameraMode":{"drawMode":0,"name":"Shaded","section":"Shading Mode"},"sceneLighting":false,"audioPlay":false,"sceneViewState":{"showFog":true,"showMaterialUpdate":true,"showSkybox":false,"showFlares":true,"showImageEffects":true,"showParticleSystems":true},"in2DMode":false,"pivot":{"x":266.33135986328127,"y":181.48663330078126,"z":129.29519653320313},"rotation":{"x":-0.23171834647655488,"y":-0.05789435654878616,"z":0.014497845433652401,"w":-0.97103351354599},"size":977.9010009765625,"orthographic":false}