{"cameraMode":{"drawMode":0,"name":"Shaded","section":"Shading Mode"},"sceneLighting":false,"audioPlay":false,"sceneViewState":{"showFog":true,"showMaterialUpdate":true,"showSkybox":false,"showFlares":true,"showImageEffects":true,"showParticleSystems":true},"in2DMode":false,"pivot":{"x":-0.1961977481842041,"y":2.5630831718444826,"z":1.4863266944885255},"rotation":{"x":0.19934174418449403,"y":-0.054659079760313037,"z":0.011086036451160908,"w":0.9783543348312378},"size":5.364460468292236,"orthographic":false}