{"cameraMode":{"drawMode":0,"name":"Shaded","section":"Shading Mode"},"sceneLighting":false,"audioPlay":false,"sceneViewState":{"showFog":true,"showMaterialUpdate":true,"showSkybox":false,"showFlares":true,"showImageEffects":true,"showParticleSystems":true},"in2DMode":false,"pivot":{"x":-0.09794795513153076,"y":0.3998366594314575,"z":0.0552026629447937},"rotation":{"x":0.19934174418449403,"y":-0.054659079760313037,"z":0.011086036451160908,"w":0.9783543348312378},"size":1.4644598960876465,"orthographic":false}