{"cameraMode":{"drawMode":0,"name":"Shaded","section":"Shading Mode"},"sceneLighting":false,"audioPlay":false,"sceneViewState":{"showFog":true,"showMaterialUpdate":true,"showSkybox":false,"showFlares":true,"showImageEffects":true,"showParticleSystems":true},"in2DMode":false,"pivot":{"x":-0.08725887537002564,"y":0.11641693115234375,"z":-0.9043805599212647},"rotation":{"x":-0.2238806039094925,"y":-0.027972547337412835,"z":0.006895828526467085,"w":-0.9742507934570313},"size":1.1397212743759156,"orthographic":false}