{"cameraMode":{"drawMode":0,"name":"Shaded","section":"Shading Mode"},"sceneLighting":false,"audioPlay":false,"sceneViewState":{"showFog":true,"showMaterialUpdate":true,"showSkybox":false,"showFlares":true,"showImageEffects":true,"showParticleSystems":true},"in2DMode":false,"pivot":{"x":0.0,"y":1.6770000457763672,"z":4.76837158203125e-7},"rotation":{"x":0.3020695447921753,"y":0.014974161051213742,"z":-0.005385617725551128,"w":0.9532310962677002},"size":9.895478248596192,"orthographic":false}