{"cameraMode":{"drawMode":0,"name":"Shaded","section":"Shading Mode"},"sceneLighting":true,"audioPlay":false,"sceneViewState":{"showFog":true,"showMaterialUpdate":true,"showSkybox":true,"showFlares":true,"showImageEffects":true,"showParticleSystems":true},"in2DMode":false,"pivot":{"x":1.25,"y":12.15999984741211,"z":302.8999938964844},"rotation":{"x":0.2385682314634323,"y":-0.007283365353941917,"z":0.0017892926698550583,"w":0.9710971713066101},"size":12.12435531616211,"orthographic":true}